quarter,year,ud,user_id
2,2017,2017-04-01 00:00:01,1
4,2017,2017-10-01 00:00:01,1
1,2018,2018-01-01 00:00:01,1
2,2018,2018-04-01 00:00:01,1
3,2018,2018-07-01 00:00:01,1
4,2018,2018-10-01 00:00:01,1
1,2019,2019-01-01 00:00:01,1
2,2019,2019-04-01 00:00:01,1
3,2019,2019-07-01 00:00:01,1
